timestamp,I-1,I-2,I-3,I-4,I-5,I-6,I-7,I-8,II-9,II-10,II-11,II-12,II-13,III-14,III-15,III-16,III-17,III-18,III-19,III-20,III-20-1,IV-21,IV-21-1-1,IV-21-1-2,IV-21-1-3,IV-21-2,IV-22,IV-22-1,IV-22-2,IV-23-1,IV-23-2,IV-23-3,IV-23-4,IV-23-5,IV-23-6,IV-24-1,IV-24-2,IV-24-3,IV-24-4,IV-24-5,IV-24-6,IV-24-7,V-25,V-25-1,V-26,V-27,V-28,gender,position,age
1,3,4,4,2,3,2,4,3,4,3,3,3,,4,3,3,5,4,3,4,예,5,반드시,반드시,반드시,,5,각 직군별 차별적 삭감,10%,2,5,5,5,5,,5,3,2,2,2,3,,2,,2,FGI,,1,4,4
2,5,5,5,5,5,4,3,3,3,4,5,2,,4,5,2,3,3,5,5,예,5,반드시,불가능,불가능,,3,각 직군별 차별적 삭감,5%,1,5,5,3,2,,5,5,3,2,3,3,,5,,3,"설문조사, 직제별 정책 제안 회의",,1,4,4
3,4,4,4,2,2,2,3,2,4,4,3,5,,5,1,2,4,1,2,4,아니오,4,반드시,반드시,반드시,,,,,3,3,4,4,4,,5,5,5,5,5,5,,3,,1,재정보고회,,1,4,4
4,4,4,4,3,3,3,1,3,4,3,2,4,,3,3,4,4,3,4,4,아니오,4,반드시,반드시,모름,"소모성 경비, 홍보비",3,정규직/비정규직 동일 비율 삭감,,4,3,3,3,4,,5,5,3,3,3,4,,4,,4,,,1,4,4
5,4,4,4,3,3,,4,4,4,2,3,4,,3,4,4,4,3,3,3,아니오,3,불가능,불가능,불가능,,3,정규직 동일 비율 삭감,5%,3,5,3,2,3,,5,3,4,4,4,4,,4,,3,설문조사,,1,4,4
6,4,5,5,4,4,5,4,4,3,3,3,2,"학령 인구 감소, 높은 보수 수준, 정체된 인력구조 등",3,4,2,4,4,4,3,예,4,반드시,반드시,반드시,,4,각 직군별 차별적 삭감,10%,3,4,5,4,4,,5,5,5,5,5,5,,4,,4,"설문조사, 직제별 정책 제안 회의, FGI, 재정보고회",,1,4,4
7,3,4,4,3,2,3,4,4,4,3,3,2,"미래 대학 변화에 모든 구성원이 수동적인 자세로 생각하며, 학과별 정원 조정보다는 학과 통폐합이 중요함",3,3,4,4,4,5,3,아니오,3,불가능,모름,불가능,관리운영비 예산 편성 목적과 운영 현황에 대하여 현재 관리부서와 협의 및 운여에 대하여 논의가 필요함,,정규직 동일 비율 삭감,10%,3,2,2,3,5,"탄력근무제 도입 및 업무 성과 달성에 따른 인센티브 별도 지급, 계약직원 및 무기계약직 직원 채용 확대(전문직 대상 기준)",3,4,4,5,3,3,"교육시설 대상 임대 사업은 총 예산에 비해 미약하며, 총 예산 대비 규모를 축소해야 함",3,,2,"FGI, 재정보고회",,1,4,4
8,4,5,4,2,4,4,4,4,5,5,5,3,,4,4,4,4,3,3,4,예,4,모름,모름,모름,,3,,,4,3,3,4,2,,5,5,5,5,5,5,,2,,1,"설문조사, 직제별 정책 제안 회의, 재정보고회",,1,4,4
9,4,5,5,4,4,3,4,4,5,2,4,4,,4,4,4,4,4,5,3,아니오,4,불가능,반드시,반드시,,5,각 직군별 차별적 삭감,7%,4,4,4,4,5,,5,4,4,4,3,3,,4,,4,"직제별 정책 제안 회의, 재정보고회",학사 구조 개편(학과 통폐합)이 없는 상태에서 대학 재정적 자립은 불가할 것으로 사료됩니다,1,4,4
10,4,4,4,4,4,4,4,4,4,4,4,3,,3,4,3,3,2,2,5,예,4,불가능,모름,반드시,,1,정규직 동일 비율 삭감,5%,3,3,3,3,3,,4,4,4,4,4,4,,3,,3,설문조사,,1,4,4
11,4,4,5,4,4,4,4,4,4,3,2,4,,4,3,4,3,2,2,4,예,2,반드시,반드시,반드시,,2,각 직군별 차별적 삭감,5%,4,3,4,4,4,,5,5,4,5,5,3,,3,,2,"직제별 정책 제안 회의, 재정보고회",,1,4,4
12,5,5,5,5,5,5,5,5,2,2,2,2,"학령 인구의 시대적, 구조적 문제",4,4,1,5,5,5,3,예,3,불가능,불가능,불가능,,5,정규직 동일 비율 삭감,10%,2,5,5,4,3,,5,4,4,4,5,4,,4,,4,FGI,,1,4,2
13,4,5,5,4,4,4,3,3,4,5,5,4,,4,5,4,4,3,5,3,예,4,반드시,불가능,모름,,4,정규직 동일 비율 삭감,5%,2,3,3,2,4,,5,4,4,3,4,4,,4,,3,FGI,,1,4,4
14,4,5,5,4,4,4,5,5,5,3,5,4,재정 위기 극복을 위한 올바른 정책 설정,4,4,4,2,1,5,3,아니오,5,반드시,반드시,반드시,사업간 중복 투자 조정,1,,기타,1,1,5,5,1,,5,5,3,5,4,2,,1,제한된 정보만으로 결론을 보수 삭감만 이야기하는 것은 맞지 않음,1,기타(결론을 만들어 놓고 이야기하는 의견 수렴은 바람직하지 않음),,1,4,
15,4,5,5,1,4,2,5,4,5,4,5,3,,4,4,3,4,2,5,3,아니오,5,반드시,반드시,불가능,,3,정규직 동일 비율 삭감,5%,5,5,5,3,1,,5,5,5,5,5,5,,3,,3,"설문조사, 직제별 정책 제안 회의, FGI, 재정보고회",,1,4,4
16,4,4,4,2,4,4,4,4,4,3,2,2,,4,4,3,4,4,4,4,아니오,4,모름,모름,불가능,,3,정규직 동일 비율 삭감,5%,4,4,4,3,2,,5,5,5,5,5,5,,3,,3,"설문조사, 직제별 정책 제안 회의, FGI, 재정보고회",,2,4,3
17,5,5,5,1,2,2,5,5,5,1,5,5,,3,4,1,1,4,5,4,예,3,불가능,불가능,불가능,,3,각 직군별 차별적 삭감,5%,5,5,5,3,4,,5,5,2,1,5,5,,5,,5,FGI,,2,4,3
18,4,5,5,3,4,5,5,4,5,2,2,3,,5,2,3,4,3,4,2,예,4,반드시,불가능,불가능,,4,각 직군별 차별적 삭감,5%,5,3,3,4,4,,5,5,5,5,5,5,,4,,4,"직제별 정책 제안 회의, 재정보고회",,2,4,4
19,3,5,4,2,2,2,4,3,3,3,2,4,,4,3,3,5,3,3,4,아니오,3,반드시,모름,모름,,2,정규직 동일 비율 삭감,5%,3,2,3,3,2,,4,4,5,4,5,4,,5,,3,"설문조사, FGI",,1,4,4
20,4,5,4,3,4,4,4,3,4,2,3,3,,4,3,3,4,3,3,4,아니오,2,불가능,모름,모름,,2,,기타,3,2,4,3,3,,4,4,5,4,4,3,,3,,3,재정보고회,,1,4,4
21,4,4,4,3,4,2,3,3,4,5,2,5,"미래 정책 수립 및 실행에 문제, (규정)폐강기준 준수 등",5,3,3,3,2,4,4,아니오,3,불가능,모름,모름,,1,,,1,1,3,5,1,,5,3,4,3,4,3,,2,,2,,"큰 예산의 정확한 집행 관리 및 운영, 홍보에 대한 투명한 결과 공유",1,4,3
22,4,5,5,2,4,4,4,2,3,4,5,4,,3,3,3,1,1,2,3,,1,모름,모름,모름,"홍보비, 업무추진비",1,,기타,,,,4,,,5,,,5,2,2,,1,,1,직제별 정책 제안 회의,,1,4,4
23,4,4,4,4,4,4,4,4,4,2,3,3,,3,3,3,3,3,3,3,,4,반드시,반드시,반드시,,3,각 직군별 차별적 삭감,5%,4,4,4,4,4,,4,4,4,4,4,4,,4,,4,"설문조사, 직제별 정책 제안 회의",,2,4,4
24,4,4,4,2,4,5,4,2,5,4,3,3,,5,4,4,5,5,5,5,아니오,3,불가능,불가능,불가능,,5,각 직군별 차별적 삭감,5%,5,4,3,2,2,"전문 분야 계약직 채용, 무기계약직 활성화",5,5,5,5,5,3,유휴 공간 및 부지의 기업 임대(공간 재배치),5,"재정 수치의 설명보다는 단위 부서의 예산 절감 방안 도출 필요(인력, 학과 조정, 개별 사업 유치 등)",4,"FGI, 재정보고회","인건비 조정은 불가피하다고 생각되며 교직원이 받는 충격을 최소화하는 수입 증대 방안이 필요합니다(인거비 삭감액의 30% 이상을 수입으로 완충 작용을 하는 것이 필요), 계약직원에 대한 적극적 채용 검토, 각 부서의 재정 수입 증대와 지출 노력 필요(마음이 중요, 누가 해결해 주겠지 하는 생각을 버려야 됨)",1,4,4
25,4,5,5,4,5,5,5,5,5,2,2,1,"대학의 위기 상황 대응의 부족(미흡), 학과의 개혁 미흡",5,5,4,4,2,2,4,예,4,반드시,반드시,반드시,,2,,,2,3,3,2,4,,5,5,5,5,5,5,교육 사업을 통한 이미지 개선 효과 및 거시적 입시 홍보 효과 기대,3,"기획처는 어렵다고만 설명함, 방법 및 전략의 총체적 부재",2,"설문조사, 직제별 정책 제안 회의",,1,4,4
26,4,4,4,4,4,4,4,4,5,5,2,4,,4,4,1,4,2,3,4,예,4,반드시,불가능,불가능,,2,정규직 동일 비율 삭감,10%,,,,4,4,,5,5,5,5,5,5,,3,,3,재정보고회,,1,4,3
27,5,5,4,2,4,5,4,4,5,5,5,5,재정 위기 시그널을 방관,4,5,1,5,5,5,1,예,5,반드시,불가능,불가능,,5,각 직군별 차별적 삭감,10%,4,5,5,5,5,,5,5,4,4,4,5,,5,,5,"설문조사, 직제별 정책 제안 회의",,1,4,3
28,3,3,3,3,3,3,3,3,4,4,4,5,,4,3,4,3,2,2,4,아니오,3,불가능,불가능,불가능,,1,,,1,1,1,1,1,,4,5,5,5,4,5,,2,,2,,,2,4,3
29,4,4,4,3,3,3,3,3,4,4,4,4,,3,3,3,3,3,3,3,아니오,3,모름,모름,모름,,3,,,3,3,3,3,3,,5,3,3,5,3,3,,3,,3,"직제별 정책 제안 회의, 재정보고회",,2,4,3
30,4,4,4,2,4,2,4,4,2,3,3,4,,4,2,3,3,2,3,3,아니오,2,반드시,반드시,불가능,,1,,,3,2,5,2,2,,4,5,4,4,5,1,,1,,1,,,2,4,2
31,5,5,5,1,4,2,4,4,5,4,5,3,,3,3,1,5,5,5,5,,5,반드시,반드시,모름,,5,각 직군별 차별적 삭감,,5,5,5,5,5,,5,5,5,3,3,3,,5,,1,재정보고회,,1,4,3
32,1,1,1,1,1,1,1,1,5,5,5,5,해마다 반복되는 해당 부서의 똑같은 대처,4,5,3,1,1,3,5,아니오,1,반드시,,,국고사업의 통합 운영,1,,,1,1,1,1,1,,5,5,5,4,5,4,,1,,1,FGI,,1,4,3
33,4,4,4,3,4,4,2,2,4,4,2,2,,3,3,3,4,3,2,3,아니오,3,불가능,불가능,불가능,,4,각 직군별 차별적 삭감,10%,4,4,4,4,5,,5,5,5,5,5,5,,4,,4,"설문조사, FGI",,1,4,4
34,5,5,5,5,5,5,5,5,3,2,4,4,,3,5,1,5,5,5,3,예,2,모름,불가능,불가능,,5,각 직군별 차별적 삭감,7%,1,5,5,4,1,"임금피크제는 정년 연장이 필요할 듯 한데, 가뜩이나 연령 구조 문제가 심각한 상황에서 굳이 할 필요성이 있는지 의문, 성과상여 및 성과급을 대학의 재정과 일부 연동할 필요성(적자 운영인데 성과급을 주는 것도 아이러니 함)",5,5,3,3,2,3,,5,,4,FGI,,1,4,2
35,5,5,5,5,5,5,5,5,5,2,5,2,,4,5,2,5,5,5,3,예,2,불가능,불가능,불가능,,5,각 직군별 차별적 삭감,10%,5,2,5,3,2,,5,5,4,3,3,3,,5,,3,"직제별 정책 제안 회의, FGI",,2,4,4
36,4,4,4,4,4,4,4,4,4,2,2,4,,4,4,4,4,4,4,2,,3,불가능,불가능,불가능,강의실 전기 점검(PC 등),4,각 직군별 차별적 삭감,기타,4,4,3,4,3,,5,5,4,5,4,4,,3,,4,"직제별 정책 제안 회의, 재정보고회",,1,2,4
37,4,5,5,4,4,4,4,4,4,2,3,3,,4,4,4,5,4,4,4,예,3,반드시,모름,모름,,,정규직 동일 비율 삭감,5%,4,4,4,4,4,,4,4,4,4,4,4,,4,,4,"직제별 정책 제안 회의, 재정보고회",,1,4,3
38,3,5,5,2,4,4,4,4,4,2,2,4,,4,3,3,4,3,4,3,예,3,모름,불가능,불가능,,3,각 직군별 차별적 삭감,7%,4,3,4,3,4,,5,5,4,3,4,4,,4,,4,"직제별 정책 제안 회의, FGI, 재정보고회",,2,4,1
39,2,4,3,3,2,2,4,2,4,1,1,4,,4,4,2,3,1,1,2,,,모름,모름,모름,,1,,,1,1,3,3,1,,5,5,4,3,4,3,평생교육원 프로그램 확산,1,지속가능한 구체적인 자료 공유 및 의견 수렴,1,"설문조사, 재정보고회",,1,4,4
40,4,4,4,2,3,4,4,3,5,2,1,4,,5,2,2,4,1,1,2,,,모름,모름,모름,,1,,기타,1,1,1,1,1,,5,5,5,5,5,5,,2,,1,"직제별 정책 제안 회의, FGI",,2,4,3
41,2,2,2,2,2,2,1,1,1,2,3,5,,4,1,1,1,1,1,1,아니오,1,모름,모름,모름,,1,,기타,1,1,1,1,1,,5,5,5,5,5,1,,1,기획처장이 하지 말고 총장이 결정해주세요,1,설문조사,,1,4,3
42,4,5,5,4,3,4,5,5,4,2,3,2,,4,3,2,5,4,4,4,예,2,불가능,불가능,불가능,,4,정규직 동일 비율 삭감,5%,5,4,5,3,2,,5,3,3,3,4,4,,4,,4,"직제별 정책 제안 회의, 재정보고회",,2,4,4
43,4,4,4,2,2,4,3,3,4,3,3,4,,4,4,4,4,4,4,4,예,4,반드시,모름,모름,,4,각 직군별 차별적 삭감,5%,2,4,4,2,4,,4,4,4,4,4,4,,4,,4,"직제별 정책 제안 회의, FGI",,1,4,4
44,5,5,5,5,5,2,5,1,5,1,1,5,"총장 및 경영자의 소통, 경영 부족(능력 부족)",5,1,5,1,1,1,5,아니오,1,불가능,반드시,불가능,,1,,,1,1,1,5,3,,4,5,5,5,5,1,,5,,3,재정보고회,"총장님의 외부 재정지원사업 적극 지원(교육부 실질 협의), 총장님의 경영(수익)활동 부족(개인활동 자제), Do-ing보다 실질적 입시 활동 필요",1,4,4
45,4,4,4,3,5,3,4,4,4,3,5,5,,4,3,4,4,2,3,4,아니오,3,불가능,모름,반드시,,2,정규직 동일 비율 삭감,,4,2,3,3,4,,4,3,3,4,4,3,,4,,3,직제별 정책 제안 회의,,1,4,4
46,4,5,5,4,4,4,4,4,4,3,3,3,,4,4,3,4,3,4,4,,4,모름,불가능,불가능,,,각 직군별 차별적 삭감,7%,4,4,5,3,3,,5,5,5,5,5,5,,3,,3,"직제별 정책 제안 회의, 재정보고회",,1,4,4
47,4,4,4,3,4,4,4,3,5,3,3,4,,5,2,5,2,2,3,4,아니오,3,모름,모름,모름,,2,,,3,1,3,1,3,,2,2,2,3,3,2,,1,,1,,"수익 확대 강화(국제교류, 평생교육)",1,4,4
48,4,5,5,3,4,3,3,4,4,4,4,4,,4,3,3,4,3,3,4,아니오,4,반드시,반드시,반드시,부서장 아래 부부서장의 필요성을 파악해서 불필요한 보직은 없애고 보직수당 지출을 절감할 필요가 있다고 봄,3,,,4,4,4,4,3,,4,5,4,4,4,4,,3,,3,"설문조사, 재정보고회",,1,4,4
49,4,5,4,4,4,4,4,4,2,2,2,2,,4,3,3,4,3,5,4,예,3,불가능,불가능,불가능,홍보비,3,각 직군별 차별적 삭감,7%,4,2,5,3,4,,5,5,5,4,5,3,,5,,4,FGI,,2,1,4
50,5,5,5,4,4,5,5,5,4,2,2,2,,4,4,4,4,4,4,4,아니오,,불가능,반드시,불가능,,4,각 직군별 차별적 삭감,10%,4,4,4,4,2,,5,5,3,4,5,5,,5,,4,"설문조사, 재정보고회",,1,2,4
51,5,5,5,5,5,5,5,5,5,4,3,3,학생 모집 부족,5,3,2,5,5,5,2,예,4,불가능,불가능,불가능,,5,각 직군별 차별적 삭감,10%,5,2,5,4,4,,5,5,5,4,5,5,,4,,3,"직제별 정책 제안 회의, FGI",,1,,5
52,5,5,5,4,5,5,5,4,5,4,4,4,"인건비 과다, 신입생충원율 하락",3,5,2,5,5,4,2,아니오,2,불가능,불가능,불가능,,5,각 직군별 차별적 삭감,기타,4,5,5,2,1,직급별 보수 총액 삭감 필요,5,5,5,4,4,5,,5,,4,"설문조사, FGI",,2,4,4
53,5,5,5,4,4,5,4,4,4,2,2,3,"교직원의 노령화, 조직의 세분화, 능력있는 교직원 부족",4,4,3,4,4,4,5,예,5,반드시,반드시,불가능,"단과대학 축소, 행정팀 통합 운영, 직원 근무시간 9시~18시, 기부금 모집 확대",4,각 직군별 차별적 삭감,10%,5,4,4,3,3,퇴직 교직원을 무급 성과급제로 채용하여 다양한 성과 시도 필요,5,5,4,4,4,5,학교의 스타 교수에 대한 연구 간접비 1억원 이상일 경우 수업 면제 등 당근 제공,4,,4,재정보고회,"연구 간접비 1억원 이상 교원 수업 면제, 발전기금 특정 범위 유치자 교수 수업 면제 또는 연구년제 제공, 직원 일정기간 휴가 또는 장기 연수 기회 제공",1,1,4
54,5,5,5,4,4,4,5,5,4,3,2,5,,4,4,5,4,4,4,4,아니오,3,모름,모름,불가능,,4,각 직군별 차별적 삭감,5%,3,3,5,3,3,,5,5,4,4,4,4,,4,,4,"직제별 정책 제안 회의, 재정보고회",,1,1,5
55,5,5,4,2,4,4,4,4,4,4,3,4,,4,4,2,5,5,4,3,아니오,4,반드시,반드시,반드시,,,각 직군별 차별적 삭감,10%,5,5,5,4,5,,5,5,5,4,4,5,"교수 창업, 학교 차원 비즈니스 모델 개발",4,,3,"FGI, 재정보고회","학교 차원의 수익 모델 개발, 교내 부지 활용 광고 수익(전광판 설치로 광고 유치), 기업의 제품 조형물 교내 설치(광고 수익)",1,3,4
56,4,4,5,5,5,4,4,4,4,2,2,2,,4,4,2,4,4,4,3,예,4,반드시,반드시,불가능,,4,정규직 동일 비율 삭감,10%,,4,4,3,4,,4,5,5,4,5,5,,4,,4,직제별 정책 제안 회의,,1,4,4
57,5,5,5,4,5,4,4,4,3,2,2,3,,4,3,2,4,4,4,3,예,4,반드시,모름,모름,,4,각 직군별 차별적 삭감,5%,3,4,4,3,3,,5,4,4,4,4,4,,4,,4,"설문조사, 직제별 정책 제안 회의, FGI",,1,1,4
58,5,5,5,4,5,5,5,5,3,3,4,3,재정 지출 감축 시기 지연(3~5년 전부터 준비했어야),4,5,2,5,5,4,3,예,5,불가능,불가능,불가능,,5,정규직 동일 비율 삭감,10%,5,5,5,3,5,,5,5,5,3,3,,,5,,4,"직제별 정책 제안 회의, 재정보고회",,1,4,4
59,5,5,5,4,5,5,4,4,1,1,2,3,,4,2,2,4,3,5,5,아니오,,불가능,불가능,불가능,불필요한 인력 감축,4,정규직 동일 비율 삭감,기타,1,5,4,4,5,,5,4,4,3,5,,"유학생 증원, 잉여인원 명퇴",,,4,설문조사,,1,1,4
60,4,4,4,4,4,5,4,3,4,2,,,,4,2,3,4,2,4,3,예,3,불가능,불가능,반드시,,4,각 직군별 차별적 삭감,5%,4,2,5,4,4,,4,5,4,5,4,3,,5,,4,"직제별 정책 제안 회의, FGI",,2,2,3
61,2,2,4,1,2,2,3,3,4,3,3,4,,4,2,3,4,1,3,4,아니오,3,모름,모름,모름,,1,각 직군별 차별적 삭감,기타,2,1,3,3,2,,5,5,5,5,3,3,,2,,2,,,2,2,3
62,3,3,3,3,3,3,4,4,2,2,2,4,선택과 집중 전략이 아니라 여기저기 땜질식 예산 집행으로 재정 투입의 효과가 떨어짐,4,3,4,4,2,5,4,아니오,2,불가능,불가능,불가능,직원(고호봉 대상자) 인력 구조 조정이 반드시 필요한 것으로 생각됨,1,각 직군별 차별적 삭감,,2,2,3,4,3,,5,5,5,5,5,4,졸업 동문회 적극 활용,3,,2,"설문조사, 재정보고회",,1,2,4
63,4,5,5,3,3,3,4,4,4,3,3,3,,3,3,3,4,3,3,3,아니오,3,모름,모름,모름,,,각 직군별 차별적 삭감,,3,4,4,3,,,5,5,5,5,5,5,,4,,3,"직제별 정책 제안 회의, FGI, 재정보고회",,1,2,4
64,5,5,5,4,5,3,5,4,5,2,2,5,"2021년 입시 실패로 등록금 수입 비상, 실추된 대학 브랜드를 높여 입시 등록금 올려야 함",5,4,2,5,5,2,2,아니오,4,불가능,불가능,불가능,보수에 대한 절감 노력 필수,5,각 직군별 차별적 삭감,5%,3,5,4,3,5,,5,4,4,3,3,3,,5,,3,"설문조사, FGI, 재정보고회",학교 재정은 입시 등록금과 직결되므로 학교 브랜드 제고 필요,2,2,4
65,4,4,4,3,3,4,4,4,3,3,3,3,,4,4,2,4,3,4,,예,4,반드시,불가능,불가능,,2,각 직군별 차별적 삭감,5%,3,5,4,3,4,,5,5,5,4,4,4,,4,,3,"직제별 정책 제안 회의, FGI",,2,2,4
66,3,5,4,2,2,4,4,4,3,2,2,4,"학교에 투자해야 하는 비용(시설, 프로그램, 장학금)은 증가하는데 등록금 동결, 학생수 감소",4,4,4,3,3,3,5,아니오,3,모름,모름,불가능,,4,정규직 동일 비율 삭감,5%,5,4,4,5,5,,5,4,4,5,4,4,,3,,1,,,2,2,3
67,5,5,4,4,4,4,4,4,5,2,2,1,,4,4,4,3,2,3,4,,3,반드시,반드시,반드시,,,정규직/비정규직 동일 비율 삭감,5%,4,4,4,2,2,,4,4,4,4,4,4,,4,,3,"직제별 정책 제안 회의, FGI, 재정보고회",,1,1,4
68,4,5,5,3,4,4,4,4,5,2,3,2,,5,5,2,5,5,5,1,예,3,모름,반드시,불가능,,5,각 직군별 차별적 삭감,10%,3,5,5,5,5,,5,5,5,4,5,5,,5,,3,"설문조사, 직제별 정책 제안 회의, FGI",,1,2,2
69,5,5,5,4,4,4,4,4,4,3,4,3,,3,4,3,4,4,4,4,아니오,4,모름,모름,모름,,5,각 직군별 차별적 삭감,10%,4,4,4,3,2,,4,4,4,3,4,4,,4,,3,"직제별 정책 제안 회의, FGI",,1,3,5
70,4,5,5,4,4,5,4,4,3,3,3,3,"환경변화에 따른 ""교육 본질 혁신 및 발전"" 부족(이는 총장의 정책적, 보직자들의 획기적 혁신보다는 개개인 모두의 혁신 필요. 꼭 조직을 위한 나의 혁신은 무엇인가에 집중해서 작은 노력이 큰 결과로..)",4,4,3,4,3,4,5,아니오,3,반드시,모름,불가능,,2,각 직군별 차별적 삭감,,,,,,,,,,,,,,,,,,,,,,
71,5,5,5,5,5,4,4,4,4,2,3,3,,4,3,3,5,5,5,4,예,5,반드시,불가능,반드시,,5,각 직군별 차별적 삭감,10%,5,5,5,5,3,,5,4,3,3,3,4,,4,,3,재정보고회,,1,2,5
72,2,4,4,2,4,4,2,2,4,4,3,2,,4,4,4,4,2,2,3,아니오,2,반드시,불가능,모름,,2,각 직군별 차별적 삭감,,4,4,4,4,2,,5,5,4,4,5,4,,4,,5,"설문조사, 직제별 정책 제안 회의",,2,2,3
73,3,4,5,3,4,3,4,4,5,5,3,4,,4,4,3,5,3,5,3,아니오,3,모름,불가능,불가능,,3,각 직군별 차별적 삭감,기타,4,,,4,4,,5,5,5,5,,,,5,,2,"설문조사, 직제별 정책 제안 회의, FGI, 재정보고회",,2,2,4
74,5,5,4,4,4,4,4,4,4,4,4,4,,2,2,4,,2,,4,,3,모름,모름,모름,,2,,,4,3,3,4,3,,4,4,4,4,4,4,,2,,3,"설문조사, 직제별 정책 제안 회의",,,,
75,3,3,4,3,3,2,4,4,4,2,4,3,과다한 인건비,4,3,3,4,5,4,4,아니오,4,반드시,반드시,반드시,,,각 직군별 차별적 삭감,기타,5,4,4,5,3,,5,4,4,4,5,3,,3,학교 사정이 어렵닫는건 알지만 자세한 내용은 모름,,"설문조사, 재정보고회",,1,3,4
76,2,4,4,2,2,2,4,4,4,4,2,4,,3,4,4,4,5,5,2,,4,반드시,,,,,정규직 동일 비율 삭감,10%,,5,,,,,5,4,3,3,3,4,,2,,1,"직제별 정책 제안 회의, 재정보고회",,1,2,3
77,5,5,5,5,5,3,4,4,4,3,3,5,,4,2,4,2,2,4,4,,3,반드시,반드시,반드시,,2,,,,,,,,,,,,,,,,,,,,,,,
78,5,4,5,2,4,4,5,4,4,3,3,3,,3,5,4,5,4,4,4,아니오,5,반드시,모름,모름,,5,각 직군별 차별적 삭감,10%,5,4,3,2,3,,5,3,4,4,3,3,,4,,3,설문조사,,1,4,4
79,4,5,5,2,3,4,3,2,4,4,3,3,인건비가 많이 나가는 것에 대한 대안 필요(직원 연봉 너무 높음),5,3,1,3,3,,,아니오,2,,,,,4,정규직 동일 비율 삭감,5%,5,,,,,,5,,,,5,,,5,,4,"설문조사, 직제별 정책 제안 회의, FGI",,2,2,4
80,4,4,4,3,3,3,4,4,4,4,2,3,,4,4,4,3,2,4,5,,2,,,불가능,,2,,,3,3,4,2,2,,4,4,3,4,4,2,,3,,3,설문조사,,1,4,4
81,4,5,5,4,5,5,5,4,4,3,,,"구성원들의 위기의식이 낮음, ""나는 괜찮아""라는 의식이 문제",4,4,4,4,4,5,4,아니오,4,반드시,불가능,불가능,,3,정규직/비정규직 동일 비율 삭감,5%,4,4,5,4,4,,5,5,5,5,5,5,,4,,3,"설문조사, 재정보고회",일하는 사람과 일하지 않는 사람들의 구분 및 배려가 부족함,2,1,4
82,4,5,5,2,4,3,5,,4,2,3,4,,5,4,3,5,4,4,3,,,반드시,불가능,불가능,,4,각 직군별 차별적 삭감,5%,5,4,4,5,3,,5,5,4,5,5,5,,4,,4,"직제별 정책 제안 회의, FGI",,1,2,4
83,4,4,4,4,4,3,5,3,5,2,2,5,,4,1,4,4,2,3,3,아니오,,모름,모름,불가능,,2,각 직군별 차별적 삭감,,3,3,2,2,4,,5,5,3,5,5,4,,4,,3,"설문조사, 직제별 정책 제안 회의",,1,1,4
84,3,4,4,3,3,3,4,4,5,3,2,4,,3,3,4,4,3,3,2,예,3,모름,모름,불가능,,3,각 직군별 차별적 삭감,5%,3,4,4,3,4,,4,4,3,3,3,3,,4,,3,"설문조사, 재정보고회",,,,
85,4,4,5,3,4,4,3,3,5,5,5,3,,4,4,4,4,3,5,4,예,4,반드시,반드시,불가능,,2,각 직군별 차별적 삭감,5%,3,1,5,3,5,,5,5,3,4,4,4,,4,,3,직제별 정책 제안 회의,,1,,
86,4,4,4,4,4,4,4,4,4,3,4,5,,4,4,4,4,4,4,3,예,,반드시,반드시,불가능,행정 에너지를 줄입시다,2,각 직군별 차별적 삭감,,5,4,4,4,4,,5,5,4,4,4,4,,4,,3,,,1,2,5
87,4,4,4,4,4,4,4,4,3,4,4,5,,4,4,3,5,3,5,5,예,4,반드시,,,,3,각 직군별 차별적 삭감,,3,5,5,5,1,,5,5,1,5,5,5,,4,,3,,,1,2,4
88,4,5,5,4,4,,5,4,4,2,3,5,,4,4,3,4,4,4,1,아니오,4,불가능,불가능,모름,,4,각 직군별 차별적 삭감,7%,4,4,4,5,2,,,,,,,,,,,,,,2,2,5
89,4,4,4,2,2,2,3,3,4,3,3,3,,3,3,4,3,3,3,,아니오,2,반드시,모름,모름,,2,,,1,1,1,1,1,,5,5,5,5,5,5,,3,,3,"직제별 정책 제안 회의, 재정보고회",,,,
90,4,4,4,4,4,4,2,3,4,2,3,4,,4,3,3,5,3,3,3,아니오,,모름,불가능,불가능,,3,각 직군별 차별적 삭감,5%,4,3,4,2,1,,5,5,5,5,4,4,학과별 수익사업 장려 지원,3,,1,"설문조사, 재정보고회",산학협의체 운영을 통한 수익사업 개발 장려,1,3,5
91,4,5,5,5,5,5,5,4,5,3,2,5,"학교 책임자의 준비 부족, 경영진의 철학 부족",4,3,2,5,4,5,4,예,3,모름,불가능,반드시,,3,각 직군별 차별적 삭감,10%,5,3,4,5,2,,5,4,4,2,4,3,,4,,2,"설문조사, 직제별 정책 제안 회의",,1,1,5
92,4,4,4,4,4,4,4,4,2,2,2,2,,5,5,5,5,1,3,3,아니오,,,,,,2,,,3,3,3,3,3,,,4,4,4,4,,,4,,3,,,1,4,2
93,3,3,3,3,3,3,3,3,3,3,3,3,,3,3,3,3,3,3,3,,3,,,,,3,,,3,3,3,3,3,,3,3,3,3,3,3,,3,,3,,,1,4,4
94,4,4,4,3,4,2,4,4,4,3,3,4,,3,3,3,4,4,4,2,아니오,3,반드시,모름,모름,,3,각 직군별 차별적 삭감,5%,3,4,4,4,4,,5,4,4,4,4,4,,4,,3,재정보고회,,1,4,2
95,4,4,4,4,4,4,4,4,3,3,3,3,,3,3,3,5,4,4,5,,4,반드시,반드시,반드시,,,정규직 동일 비율 삭감,7%,5,3,3,3,3,,5,5,5,5,5,5,,3,,3,"FGI, 재정보고회",,1,4,4
96,3,5,4,3,3,4,4,4,4,3,3,3,,3,4,3,3,2,2,4,아니오,3,불가능,불가능,불가능,,2,각 직군별 차별적 삭감,기타,2,2,4,1,1,,4,4,4,4,4,2,,4,,4,설문조사,,2,,1
97,4,4,4,3,4,4,4,4,4,3,3,4,"홍보비 과대 지출, 학생 장학금",3,3,3,3,3,4,4,아니오,3,모름,반드시,반드시,"기타 용역에 지출되는 비용 공개, 해당 부서에서 할 수 있는 사항 역할 분담으로 비용 절감(무인화)",3,각 직군별 차별적 삭감,10%,3,3,4,5,4,부서별 발전기금 유치시 해당 부서 성과금 제대로 개편,4,3,4,4,4,3,"경영자의 역할이 중요, 매월 수입 증대를 공개, 불신을 해소",3,,4,"설문조사, FGI","근로시간 조정으로 보수 조정(주 4일 근무, 월 1~2회 50% 출퇴근 조정)",1,4,4
98,5,5,5,5,5,1,5,1,3,1,1,5,"경영자 경영 능력 부대, 소통 부재",5,1,3,5,1,1,3,아니오,1,불가능,불가능,불가능,지출 삭감보다는 수입 증대를 통한 예산 편성,1,,기타,1,1,1,1,1,,5,5,5,5,5,5,대학의 수입 증대는 경영자의 절대적 경영 능력에 의해 가능하다고 생각됨,5,,3,재정보고회,"지출 감소를 통한 경영 정책을 지향하고, 능력있는 경영자의 수입 증대를 통한 재정 정책이 절대적으로 요구됨",1,4,4
온1,5,5,5,5,5,5,5,3,5,2,4,4,고정비 비율 절감 노력 부족,4,4,2,5,5,5,3,예,3,불가능,불가능,불가능,,5,각 직군별 차별적 삭감,10%,4,5,5,5,4,인적구조조정 - 비전임교원 인원 관리 및 성과평가,5,5,3,2,3,4,학교 브랜드의 강화,5,인사 구조,4,직제나 단대별 정책 제안 회의,,1,1,4
온2,5,5,5,3,4,4,4,4,4,4,4,4,,4,4,4,4,4,5,4,아니오,4,반드시,반드시,반드시,,4,정규직/비정규직 동일 비율 삭감,10%,2,4,4,4,4,,5,4,4,4,4,4,,4,,3,"직제나 단대별 정책 제안 회의, FGI 방식의 소그룹 미팅",,1,1,4
온3,4,5,5,4,4,5,5,4,4,4,4,5,,4,4,2,4,3,4,2,아니오,2,모름,반드시,불가능,,4,각 직군별 차별적 삭감,7%,4,4,4,4,3,,4,5,5,5,5,5,,4,,4,정기 재정보고회,,1,1,4
온4,3,4,4,3,3,3,4,3,4,4,3,5,,4,3,4,3,2,2,4,아니오,4,모름,불가능,불가능,,2,각 직군별 차별적 삭감,기타,2,3,4,4,2,교원의 행정업무 활용,5,5,5,5,5,5,,3,,3,정기 재정보고회,,1,3,3
온5,4,4,5,3,4,4,3,4,3,5,5,3,,4,5,4,3,3,5,4,아니오,4,반드시,반드시,반드시,,3,정규직/비정규직 동일 비율 삭감,7%,5,4,4,3,3,,5,5,5,4,3,5,,3,,3,직제나 단대별 정책 제안 회의,,1,2,4
온6,5,5,5,5,5,5,5,5,5,3,3,1,,5,3,3,4,4,5,2,예,4,반드시,모름,반드시,,4,각 직군별 차별적 삭감,7%,5,5,5,5,5,,5,5,5,5,5,4,,5,,3,정기 재정보고회,,1,2,3
온7,4,4,4,4,4,4,5,5,3,2,3,5,,4,3,5,4,1,2,5,예,4,모름,모름,불가능,,2,정규직/비정규직 동일 비율 삭감,3%,2,3,4,2,3,,5,5,5,5,5,5,울산 보유자산 매각통한 수입 증대,4,,3,"직제나 단대별 정책 제안 회의, 정기 재정보고회",,1,1,5
온8,5,5,5,4,5,4,5,4,4,3,4,4,,4,4,2,5,4,4,4,아니오,3,불가능,모름,모름,,4,각 직군별 차별적 삭감,10%,4,5,3,5,5,,5,5,4,3,1,3,,3,,3,직제나 단대별 정책 제안 회의,,1,2,3
온9,4,4,4,4,4,4,4,4,4,5,5,3,,3,4,3,4,3,4,2,예,3,반드시,,불가능,,3,각 직군별 차별적 삭감,5%,5,3,3,4,2,,5,3,4,3,4,3,,4,,1,"설문조사, 직제나 단대별 정책 제안 회의",,2,3,4
온10,5,5,5,5,5,5,5,5,5,4,5,4,신입생 미충원 재학생 탈적 및 휴학생 증가,5,5,3,5,5,5,4,아니오,2,반드시,반드시,반드시,,4,정규직/비정규직 동일 비율 삭감,10%,5,5,5,4,4,과거 여러가지로 나누어져 있었던 상여금을 다시 추정하여 현재 급여를 과거 틀과 대비해서 인건비 감소에 대한 시나리오를 생성하는 것이 바람직 함,5,5,5,4,5,4,평생학습 체제로 전환하여 다양한 학습 수요자가 참여할 수 있는 교육서비스를 저공하는  장이 되어야 함,4,어려워  지기 전에 교직원들과 재정에 관한 정보를 자주 공유하기 바람,4,정기 재정보고회,세세한 항목도 구성원이  이해되도록 신제를 공개하고 정보를 공유하도록 함,1,1,5
온11,3,5,5,3,3,4,4,5,4,2,3,4,,4,3,4,3,3,4,2,예,2,불가능,반드시,불가능,,3,각 직군별 차별적 삭감,5%,5,3,5,3,3,,5,5,5,5,5,4,,4,,4,"설문조사, 직제나 단대별 정책 제안 회의",,2,2,4
온12,4,4,4,2,2,3,5,5,4,4,4,5,대학의 유명세(name value) 향상을 시키기 위한 경영능력 부족,5,3,5,1,1,5,3,아니오,5,반드시,반드시,반드시,,1,각 직군별 차별적 삭감,5%,5,4,2,1,,,5,5,5,5,5,4,주변 인프라인 UN평화공원을 활용한 외교부 KOICA 사업(추진방향4)등을 유치,3,숫자를 나열하는 위기조성 설명 보다는 대안 제시형의 정책 제시가 필요,2,"설문조사, 직제나 단대별 정책 제안 회의, FGI 방식의 소그룹 미팅",재정 건전성 확보 대안 제시형의 정책을 개발하기 위한 아이디어 모임 확대,1,1,4
온13,5,5,5,2,2,4,5,2,4,2,2,4,,4,3,3,5,5,3,5,아니오,3,불가능,불가능,불가능,,5,각 직군별 차별적 삭감,10%,5,5,5,3,2,,5,5,4,4,4,4,,5,,5,"직제나 단대별 정책 제안 회의, 정기 재정보고회",,2,4,3
온14,4,4,4,3,3,2,3,3,3,3,3,4,,3,3,3,3,2,3,3,아니오,3,모름,모름,모름,,3,,,,,,,,,,,,,,,,3,,,,,2,1,5
온15,3,2,2,2,2,2,2,2,5,5,5,3,수익원 다변화 노력 부적,5,2,3,2,1,5,4,아니오,5,반드시,반드시,반드시,,2,정규직/비정규직 동일 비율 삭감,2.5%,2,4,5,3,2,보수 지출 개선보다 대학 다운 수입선 다변화 노력이 필요,4,4,5,5,3,3,대학 답게 구성원의 연구비 수주를 통한 재정 자립이 절실함. 이는 대학 체질을 강화하는 기본임.,2,예)학생수는 줄어 드는 데 조직은 이전보다 비대함. 비대 조직에 따른 추가 예산 지출 증가분의 공개 등. ,2,"설문조사, 직제나 단대별 정책 제안 회의, 정기 재정보고회",지출 축소와 동시에 등록금 이외 산학 수입 확대 노력을 동시에 추진해야 함. 보수적 재정정책보다 진보적 재정정책 필요.,1,1,5
온16,3,4,4,3,4,3,4,4,4,3,3,3,,4,4,4,4,4,4,4,예,4,반드시,반드시,반드시,,4,각 직군별 차별적 삭감,5%,4,4,4,4,4,,4,4,4,4,4,4,,4,,4,설문조사,,1,3,5
온17,4,4,4,3,3,4,4,4,4,2,3,4,,4,4,4,4,3,4,4,아니오,4,반드시,반드시,반드시,,4,정규직/비정규직 동일 비율 삭감,5%,3,3,3,3,2,,5,4,4,4,5,4,,3,,2,설문조사,,1,1,5
온18,5,5,5,5,5,5,5,5,5,2,5,4,,5,2,1,5,5,5,2,예,3,불가능,불가능,불가능,,5,각 직군별 차별적 삭감,10%,5,5,5,1,1,,5,5,5,3,2,3,,4,,3,"설문조사, FGI 방식의 소그룹 미팅",,2,4,4
온19,3,4,5,3,3,3,4,3,4,4,3,3,"일정 이상의 예산이 투입되는 사업에 대해서는 진행 후 결과에 대하여 평가를 하고, 이런 것이 반복되는 사업책임자는 징계 해야함. 의욕만 가지고 무분별하게 추진되는 사업을 없애야 한다.",3,3,3,4,2,3,3,아니오,4,모름,모름,모름,,2,정규직/비정규직 동일 비율 삭감,5%,2,2,3,4,3,   ,5,4,4,5,4,2,,1,,1,"설문조사, 직제나 단대별 정책 제안 회의, FGI 방식의 소그룹 미팅, 정기 재정보고회",,1,4,4
온20,4,4,4,4,4,4,4,2,4,2,2,4,,4,3,4,5,3,4,2,아니오,2,불가능,모름,불가능,,2,정규직 동일 비율 삭감,5%,5,5,5,5,1,,5,5,3,4,4,4,,4,,4,"설문조사, 정기 재정보고회",,2,2,4
온21,4,4,4,3,3,4,3,2,4,4,2,2,,3,3,3,3,2,4,4,아니오,3,모름,모름,모름,,3,각 직군별 차별적 삭감,,4,2,2,3,3,,5,4,4,4,4,4,,3,,3,직제나 단대별 정책 제안 회의,,2,3,4
온22,5,5,5,2,4,2,3,2,5,5,5,1,무슨 말을 하들 바꿜 자세가 없는데 의견이 무슨 소용이겠습니까? 의견을 못들어서 이 지경까지 온 것은 아니지 않나요? ,2,2,3,5,4,5,4,아니오,5,반드시,반드시,불가능,,5,각 직군별 차별적 삭감,기타,5,5,5,2,1,1차적으로 높은 급여를 받는 교수들과 직원분들의 삭감이 필요하고 점차적으로 낮은 보수로 내려와야 합니다. 낮은 보수를 받으시는 분들은 숨고르기 할 시간이 필요합니다. ,5,4,5,5,2,2,,3,,2,직제나 단대별 정책 제안 회의,,2,2,4
온23,4,4,4,4,4,2,4,2,4,5,5,3,법인의 무 희생과 안일함 그리고 총장의 무능한 대처 능력,4,1,5,2,2,4,1,아니오,1,불가능,불가능,불가능,,1,각 직군별 차별적 삭감,기타,1,2,4,3,1,법인에서 선제적으로 100억 기부-보직자-교직원이 함께하는 방법이 필요,5,5,4,5,5,4,즉시성-한시성-영구성의 고민이 우선 되어야 함.,1,기획처에서 설계하고 총장이 전면에서 설명과 공유가 필요,1,"정기 재정보고회, 전체구성원에게 설명과 동의",법인이사진이 더욱 많은 전입금을 위한 노력과 활동이 중요,1,2,4
온24,4,4,4,4,4,4,4,2,4,4,4,4,효율적이지 못한 예산 및 입시 전략(예: 두잉박람회 실패),4,4,4,4,2,3,4,아니오,3,불가능,불가능,불가능,,2,각 직군별 차별적 삭감,5%,3,1,3,3,2,,4,5,4,5,4,4,,2,,1,"FGI 방식의 소그룹 미팅, 정기 재정보고회",대학 재정을 특정 부분(예: 두잉학부)에 과도하게 편향되어 사용하고 있음. 학생 장학금을 대폭축소 바람직하지 않음. 교수에게 과도한 업무,1,2,3
온25,4,5,5,3,4,5,4,4,4,3,4,2,직원의 보수,5,5,3,5,5,5,2,예,5,반드시,모름,반드시,,5,각 직군별 차별적 삭감,5%,5,5,4,1,1,호봉이 높은 교직원의 명예퇴직 권유/ 행정전산화를 통한 직원 감원/외부 컨설팅 및 타 대학 벤치마킹을 통해 직원 감원/숙련된 조교 재임용을 통해 직원 업무 대체,5,5,4,4,4,4,,4,,3,"직제나 단대별 정책 제안 회의, FGI 방식의 소그룹 미팅",,2,2,4
온26,4,5,5,2,3,4,5,4,4,2,2,2,,4,2,3,4,3,4,3,아니오,3,모름,모름,모름,,4,각 직군별 차별적 삭감,5%,3,3,3,3,3,,5,5,5,5,5,5,,4,,3,"설문조사, 정기 재정보고회",,1,1,4
온27,2,4,4,2,3,2,3,2,4,2,2,4,,4,4,4,4,3,4,3,아니오,4,반드시,모름,모름,,3,정규직/비정규직 동일 비율 삭감,5%,3,3,3,1,3,,5,3,2,4,4,4,,3,,3,"직제나 단대별 정책 제안 회의, 정기 재정보고회",,1,1,4
온29,4,5,4,3,5,5,4,4,4,4,5,3,,5,5,3,4,4,5,4,아니오,4,반드시,모름,불가능,,3,정규직 동일 비율 삭감,5%,3,3,4,3,5,,5,5,4,4,5,5,,3,,3,직제나 단대별 정책 제안 회의,,1,1,4
온30,4,4,4,2,4,4,4,3,4,3,3,3,,4,4,4,4,4,4,4,아니오,3,반드시,반드시,반드시,,4,정규직 동일 비율 삭감,5%,3,4,5,3,3,,5,5,4,4,4,4,,4,,4,"설문조사, 직제나 단대별 정책 제안 회의, FGI 방식의 소그룹 미팅",,2,4,3
온31,5,5,5,3,4,4,4,4,4,3,4,4,신입생 충원율,4,3,4,1,1,4,5,예,4,반드시,반드시,불가능,,1,,0%,2,1,4,4,3,,5,1,4,4,4,4,,3,,2,,,,1,4
온32,3,5,5,4,3,3,4,4,5,3,4,2,,5,4,3,4,3,4,3,아니오,4,반드시,모름,불가능,,3,각 직군별 차별적 삭감,5%,4,3,3,3,3,,5,4,5,4,3,5,,3,,3,,,2,4,3
온33,4,5,4,4,4,4,4,4,4,2,3,3,,3,3,3,3,3,4,4,아니오,3,불가능,불가능,모름,,3,정규직/비정규직 동일 비율 삭감,5%,3,4,4,2,4,,4,5,4,4,4,4,,3,,2,설문조사,,1,1,4
온34,3,3,3,2,3,3,3,3,3,3,3,3,,3,3,3,3,3,3,3,아니오,3,모름,모름,모름,,1,각 직군별 차별적 삭감,,3,1,3,3,3,,5,5,5,5,5,4,,3,,3,설문조사,,1,2,3
온35,3,5,5,3,4,4,4,4,4,4,3,5,,3,3,4,4,2,3,4,아니오,4,반드시,모름,모름,,2,각 직군별 차별적 삭감,5%,4,2,4,5,4,,5,4,4,5,4,4,,3,,2,FGI 방식의 소그룹 미팅,,1,4,4
온36,4,5,5,3,3,3,2,2,5,4,3,2,호봉제 교직원들의 임금이 현재 우리대학의 재정을 악화시키고 있음. 빠른시일 내 구조조정이 요구됨.,3,4,3,5,5,3,3,예,3,모름,모름,불가능,,5,정규직 동일 비율 삭감,기타,5,4,3,5,1,,5,5,3,3,5,3,,2,기획처에서 지금까지 힘들다는 이야기는 많이 들어서도 어떤식으로 개선되었다는 것은 없는 것으로 판단됨. ,3,"설문조사, 직제나 단대별 정책 제안 회의",,2,3,4
온37,4,4,4,4,3,4,2,2,4,3,3,3,운좋은 시대에 입사한 호봉제 분들과 직원분들이 과도하게 봉급을 가져가는 것이 재정위기의 원인이라 생각합니다.,3,5,4,4,5,4,1,예,3,모름,모름,모름,,5,각 직군별 차별적 삭감,기타,5,5,4,5,3,,3,3,,4,4,2,운좋은 시대에 입사한 호봉제 분들과 관련 직원분들이 과도한 임금 수준을 연봉제 수준으로 대폭 인하할 필요 있습니다. 누구에게만 행운이 집중 유지되는것은 불평등한일입니다.,4,,3,"설문조사, 설문조사 결과 주관식 문항도 전체 공개 공유",,2,3,3
온38,3,4,5,4,4,3,4,4,4,4,4,5,"호봉제 급여, 많은 수의 교직원과 급여",4,5,2,4,5,5,2,아니오,4,반드시,불가능,불가능,,5,정규직 동일 비율 삭감,기타,4,4,5,4,1,,5,5,4,4,4,4,,3,,2,"직제나 단대별 정책 제안 회의, 정기 재정보고회",,2,3,4
온39,3,4,5,2,3,2,4,4,4,3,3,2,호봉제와 연봉제 임금 차가 크기 때문에 호봉제 임금을 연봉제와 비슷한 수준으로 맞추어야 된다고  생각합니다.,4,4,3,4,4,4,2,예,2,반드시,불가능,불가능,,4,각 직군별 차별적 삭감,5%,3,4,4,4,3,,5,5,4,3,2,4,,4,,3,"설문조사, 직제나 단대별 정책 제안 회의",,2,3,4
온40,4,4,4,4,4,4,4,4,4,2,2,3,,3,4,4,4,4,3,2,아니오,3,불가능,모름,불가능,,4,정규직 동일 비율 삭감,5%,4,3,4,4,3,,5,5,4,4,4,4,,4,,3,설문조사,,2,3,4
온41,2,4,4,3,2,2,4,4,4,4,3,5,,4,4,4,4,4,2,2,아니오,2,모름,모름,불가능,,5,정규직 동일 비율 삭감,10%,4,4,4,4,4,,4,4,3,4,3,3,,2,,2,설문조사,,2,3,4
온42,3,4,4,4,4,3,4,4,4,4,4,2,장기적 계획을 수립하지 않고1~2년 앞만 보고 계획을 세움,3,4,3,4,4,3,2,예,4,모름,모름,불가능,,4,각 직군별 차별적 삭감,기타,5,4,3,4,1,,4,4,4,4,4,4,,3,,2,"직제나 단대별 정책 제안 회의, 정기 재정보고회",,2,3,4
온43,4,5,5,2,3,2,2,2,4,2,4,4,,3,4,2,4,4,4,3,아니오,4,반드시,불가능,불가능,,4,각 직군별 차별적 삭감,5%,4,5,4,4,4,,5,4,4,3,5,4,,2,,2,"설문조사, 직제나 단대별 정책 제안 회의, 정기 재정보고회",,2,2,3
